{"cameraMode":{"drawMode":0,"name":"Shaded","section":"Shading Mode"},"sceneLighting":true,"audioPlay":false,"sceneViewState":{"m_AlwaysRefresh":true,"showFog":true,"showSkybox":true,"showFlares":true,"showImageEffects":true,"showParticleSystems":true,"showVisualEffectGraphs":true,"m_FxEnabled":true},"in2DMode":false,"pivot":{"x":9.766785621643067,"y":-9.420819282531739,"z":-15.150032997131348},"rotation":{"x":0.24947547912597657,"y":0.1100064069032669,"z":-0.028694743290543557,"w":0.9617834091186523},"size":14.08985710144043,"orthographic":false}