{"cameraMode":{"drawMode":0,"name":"Shaded","section":"Shading Mode"},"sceneLighting":true,"audioPlay":false,"sceneViewState":{"m_AlwaysRefresh":true,"showFog":true,"showSkybox":true,"showFlares":true,"showImageEffects":true,"showParticleSystems":true,"showVisualEffectGraphs":true,"m_FxEnabled":true},"in2DMode":false,"pivot":{"x":-119.57742309570313,"y":126.11825561523438,"z":235.62464904785157},"rotation":{"x":0.18182462453842164,"y":0.5186099410057068,"z":-0.11407678574323654,"w":0.8277323842048645},"size":11.781025886535645,"orthographic":false}